\\fs_AppsData_ge3\Apps_Data$\EXSTREAM\ACP\Diffusion\Onbase\NIS_ECM_new-policy_t0_3218_20220307_106519084_9732517.pdf;club;outgoing;exstreamNIS;t0;3218;new-policy;T;F;fr;9732517;106519084;testhadtrentequatre;testhadtrentequatre;2022-03-07
\\fs_AppsData_ge3\Apps_Data$\EXSTREAM\ACP\Diffusion\Onbase\NIS_ECM_new-policy_t0_3218_20220307_106519080_9732527.pdf;club;outgoing;exstreamNIS;t0;3218;new-policy;T;F;fr;9732527;106519080;20220307;Sanity Check;2022-03-07
\\fs_AppsData_ge3\Apps_Data$\EXSTREAM\ACP\Diffusion\Onbase\NIS_ECM_new-policy_t0_3218_20220307_106518189_9732618.pdf;club;outgoing;exstreamNIS;t0;3218;new-policy;T;F;fr;9732618;106518189;Ringo;Giancarlo;2022-03-07
\\fs_AppsData_ge3\Apps_Data$\EXSTREAM\ACP\Diffusion\Onbase\NIS_ECM_new-policy_t0_3218_20220307_106519080_9732624.pdf;club;outgoing;exstreamNIS;t0;3218;new-policy;T;F;fr;9732624;106519080;20220307;Sanity Check;2022-03-07
\\fs_AppsData_ge3\Apps_Data$\EXSTREAM\ACP\Diffusion\Onbase\NIS_ECM_new-policy_t0_3218_20220307_106519100_9732641.pdf;club;outgoing;exstreamNIS;t0;3218;new-policy;T;F;fr;9732641;106519100;Downgrade-Velove;Endorsement;2022-03-07
\\fs_AppsData_ge3\Apps_Data$\EXSTREAM\ACP\Diffusion\Onbase\NIS_ECM_new-policy_t0_3218_20220307_106519091_9734539.pdf;club;outgoing;exstreamNIS;t0;3218;new-policy;T;F;fr;9734539;106519091;Noirlune;Rogdar;2022-03-07
\\fs_AppsData_ge3\Apps_Data$\EXSTREAM\ACP\Diffusion\Onbase\NIS_ECM_new-policy_t0_3218_20220307_106519092_9734554.pdf;club;outgoing;exstreamNIS;t0;3218;new-policy;T;F;fr;9734554;106519092;Gaceurp;Kemcurl;2022-03-07
\\fs_AppsData_ge3\Apps_Data$\EXSTREAM\ACP\Diffusion\Onbase\NIS_ECM_new-policy_t0_3218_20220307_106519092_9734556.pdf;club;outgoing;exstreamNIS;t0;3218;new-policy;T;F;fr;9734556;106519092;Gaceurp;Kemcurl;2022-03-07
\\fs_AppsData_ge3\Apps_Data$\EXSTREAM\ACP\Diffusion\Onbase\NIS_ECM_new-policy_t0_3218_20220307_106519092_9734557.pdf;club;outgoing;exstreamNIS;t0;3218;new-policy;T;F;fr;9734557;106519092;Gaceurp;Kemcurl;2022-03-07
\\fs_AppsData_ge3\Apps_Data$\EXSTREAM\ACP\Diffusion\Onbase\NIS_ECM_new-policy_t0_3218_20220307_106519107_9734650.pdf;club;outgoing;exstreamNIS;t0;3218;new-policy;T;F;fr;9734650;106519107;Upgrade-Velove;Endorsement;2022-03-07
